"Input","Match type","Approved symbol","Approved name","HGNC ID","Location"
"AARS1","Approved symbol","AARS1","alanyl-tRNA synthetase 1","HGNC:20","16q22.1"
"ABCB6","Approved symbol","ABCB6","ATP binding cassette subfamily B member 6 (LAN blood group)","HGNC:47","2q35"
"ABCC8","Approved symbol","ABCC8","ATP binding cassette subfamily C member 8","HGNC:59","11p15.1"
"ACD","Approved symbol","ACD","ACD shelterin complex subunit and telomerase recruitment factor","HGNC:25070","16q22.1"
"ACO2","Approved symbol","ACO2","aconitase 2","HGNC:118","22q13.2"
"ACOX1","Approved symbol","ACOX1","acyl-CoA oxidase 1","HGNC:119","17q25.1"
"ACTA1","Approved symbol","ACTA1","actin alpha 1, skeletal muscle","HGNC:129","1q42.13"
"ACTB","Approved symbol","ACTB","actin beta","HGNC:132","7p22.1"
"ACTC1","Approved symbol","ACTC1","actin alpha cardiac muscle 1","HGNC:143","15q14"
"ACTG1","Approved symbol","ACTG1","actin gamma 1","HGNC:144","17q25.3"
"ACTL6A","Approved symbol","ACTL6A","actin like 6A","HGNC:24124","3q26.33"
"ACTN1","Approved symbol","ACTN1","actinin alpha 1","HGNC:163","14q24.1"
"ACVR1","Approved symbol","ACVR1","activin A receptor type 1","HGNC:171","2q24.1"
"ADAR","Approved symbol","ADAR","adenosine deaminase RNA specific","HGNC:225","1q21.3"
"AFG3L2","Approved symbol","AFG3L2","AFG3 like matrix AAA peptidase subunit 2","HGNC:315","18p11.21"
"AGO2","Approved symbol","AGO2","argonaute RISC catalytic component 2","HGNC:3263","8q24.3"
"AKT3","Approved symbol","AKT3","AKT serine/threonine kinase 3","HGNC:393","1q43-q44"
"ALDH18A1","Approved symbol","ALDH18A1","aldehyde dehydrogenase 18 family member A1","HGNC:9722","10q24.1"
"ALG9","Approved symbol","ALG9","ALG9 alpha-1,2-mannosyltransferase","HGNC:15672","11q23.1"
"ANK1","Approved symbol","ANK1","ankyrin 1","HGNC:492","8p11.21"
"ANKRD26","Approved symbol","ANKRD26","ankyrin repeat domain containing 26","HGNC:29186","10p12.1"
"ANXA11","Approved symbol","ANXA11","annexin A11","HGNC:535","10q22.3"
"AP1G1","Approved symbol","AP1G1","adaptor related protein complex 1 subunit gamma 1","HGNC:555","16q22.2"
"AP2M1","Approved symbol","AP2M1","adaptor related protein complex 2 subunit mu 1","HGNC:564","3q27.1"
"ARF1","Approved symbol","ARF1","ARF GTPase 1","HGNC:652","1q42.13"
"ASXL2","Approved symbol","ASXL2","ASXL transcriptional regulator 2","HGNC:23805","2p23.3"
"ATL1","Approved symbol","ATL1","atlastin GTPase 1","HGNC:11231","14q22.1"
"ATL3","Approved symbol","ATL3","atlastin GTPase 3","HGNC:24526","11q13.1"
"ATP13A3","Approved symbol","ATP13A3","ATPase 13A3","HGNC:24113","3q29"
"ATP1A1","Approved symbol","ATP1A1","ATPase Na+/K+ transporting subunit alpha 1","HGNC:799","1p13.1"
"ATP1A3","Approved symbol","ATP1A3","ATPase Na+/K+ transporting subunit alpha 3","HGNC:801","19q13.2"
"ATXN2","Approved symbol","ATXN2","ataxin 2","HGNC:10555","12q24.12"
"BACH2","Approved symbol","BACH2","BACH transcriptional regulator 2","HGNC:14078","6q15"
"BEST1","Approved symbol","BEST1","bestrophin 1","HGNC:12703","11q12.3"
"BRD4","Approved symbol","BRD4","bromodomain containing 4","HGNC:13575","19p13.12"
"BRSK2","Approved symbol","BRSK2","BR serine/threonine kinase 2","HGNC:11405","11p15.5"
"BSCL2","Approved symbol","BSCL2","BSCL2 lipid droplet biogenesis associated, seipin","HGNC:15832","11q12.3"
"C19orf12","Approved symbol","C19orf12","chromosome 19 open reading frame 12","HGNC:25443","19q12"
"C1QTNF5","Approved symbol","C1QTNF5","C1q and TNF related 5","HGNC:14344","11q23.3"
"C1QTNF5","Alias symbol","MFRP","membrane frizzled-related protein","HGNC:18121","11q23.3"
"C3","Approved symbol","C3","complement C3","HGNC:1318","19p13.3"
"C9orf72","Approved symbol","C9orf72","C9orf72-SMCR8 complex subunit","HGNC:28337","9p21.2"
"CACNA1C","Approved symbol","CACNA1C","calcium voltage-gated channel subunit alpha1 C","HGNC:1390","12p13.33"
"CACNA1E","Approved symbol","CACNA1E","calcium voltage-gated channel subunit alpha1 E","HGNC:1392","1q25.3"
"CACNA1S","Approved symbol","CACNA1S","calcium voltage-gated channel subunit alpha1 S","HGNC:1397","1q32.1"
"CALM1","Approved symbol","CALM1","calmodulin 1","HGNC:1442","14q32.11"
"CALM2","Approved symbol","CALM2","calmodulin 2","HGNC:1445","2p21"
"CALM3","Approved symbol","CALM3","calmodulin 3","HGNC:1449","19q13.32"
"CAPN5","Approved symbol","CAPN5","calpain 5","HGNC:1482","11q13.5"
"CARD11","Approved symbol","CARD11","caspase recruitment domain family member 11","HGNC:16393","7p22.2"
"CASQ2","Approved symbol","CASQ2","calsequestrin 2","HGNC:1513","1p13.1"
"CASR","Approved symbol","CASR","calcium sensing receptor","HGNC:1514","3q13.33-q21.1"
"CAV3","Approved symbol","CAV3","caveolin 3","HGNC:1529","3p25.3"
"CBL","Approved symbol","CBL","Cbl proto-oncogene","HGNC:1541","11q23.3"
"CD46","Approved symbol","CD46","CD46 molecule","HGNC:6953","1q32.2"
"CDC42","Approved symbol","CDC42","cell division cycle 42","HGNC:1736","1p36.12"
"CDH11","Approved symbol","CDH11","cadherin 11","HGNC:1750","16q21"
"CDK4","Approved symbol","CDK4","cyclin dependent kinase 4","HGNC:1773","12q14.1"
"CEBPA","Approved symbol","CEBPA","CCAAT enhancer binding protein alpha","HGNC:1833","19q13.11"
"CEL","Approved symbol","CEL","carboxyl ester lipase","HGNC:1848","9q34.13"
"CFB","Approved symbol","CFB","complement factor B","HGNC:1037","6p21.33"
"CFH","Approved symbol","CFH","complement factor H","HGNC:4883","1q31.3"
"CFI","Approved symbol","CFI","complement factor I","HGNC:5394","4q25"
"CHAMP1","Approved symbol","CHAMP1","chromosome alignment maintaining phosphoprotein 1","HGNC:20311","13q34"
"CHCHD10","Approved symbol","CHCHD10","coiled-coil-helix-coiled-coil-helix domain containing 10","HGNC:15559","22q11.23"
"CHD3","Approved symbol","CHD3","chromodomain helicase DNA binding protein 3","HGNC:1918","17p13.1"
"CHD4","Approved symbol","CHD4","chromodomain helicase DNA binding protein 4","HGNC:1919","12p13.31"
"CHMP2B","Approved symbol","CHMP2B","charged multivesicular body protein 2B","HGNC:24537","3p11.2"
"CHN1","Approved symbol","CHN1","chimerin 1","HGNC:1943","2q31.1"
"CHRNA4","Approved symbol","CHRNA4","cholinergic receptor nicotinic alpha 4 subunit","HGNC:1958","20q13.33"
"CHRNB2","Approved symbol","CHRNB2","cholinergic receptor nicotinic beta 2 subunit","HGNC:1962","1q21.3"
"CLCN7","Approved symbol","CLCN7","chloride voltage-gated channel 7","HGNC:2025","16p13.3"
"CNNM2","Approved symbol","CNNM2","cyclin and CBS domain divalent metal cation transport mediator 2","HGNC:103","10q24.32"
"CNOT3","Approved symbol","CNOT3","CCR4-NOT transcription complex subunit 3","HGNC:7879","19q13.42"
"COCH","Approved symbol","COCH","cochlin","HGNC:2180","14q12"
"COL10A1","Approved symbol","COL10A1","collagen type X alpha 1 chain","HGNC:2185","6q22.1"
"COL4A3","Approved symbol","COL4A3","collagen type IV alpha 3 chain","HGNC:2204","2q36.3"
"COL4A4","Approved symbol","COL4A4","collagen type IV alpha 4 chain","HGNC:2206","2q36.3"
"COL5A2","Approved symbol","COL5A2","collagen type V alpha 2 chain","HGNC:2210","2q32.2"
"COL6A1","Approved symbol","COL6A1","collagen type VI alpha 1 chain","HGNC:2211","21q22.3"
"COL6A2","Approved symbol","COL6A2","collagen type VI alpha 2 chain","HGNC:2212","21q22.3"
"COL6A3","Approved symbol","COL6A3","collagen type VI alpha 3 chain","HGNC:2213","2q37.3"
"CPOX","Approved symbol","CPOX","coproporphyrinogen oxidase","HGNC:2321","3q11.2"
"CRX","Approved symbol","CRX","cone-rod homeobox","HGNC:2383","19q13.33"
"CSNK2A1","Approved symbol","CSNK2A1","casein kinase 2 alpha 1","HGNC:2457","20p13"
"CSNK2A1","Alias symbol","CSNK2A2","casein kinase 2 alpha 2","HGNC:2459","16q21"
"CSNK2B","Approved symbol","CSNK2B","casein kinase 2 beta","HGNC:2460","6p21.33"
"CSRP3","Approved symbol","CSRP3","cysteine and glycine rich protein 3","HGNC:2472","11p15.1"
"CTNND1","Approved symbol","CTNND1","catenin delta 1","HGNC:2515","11q12.1"
"CUX2","Approved symbol","CUX2","cut like homeobox 2","HGNC:19347","12q24.11-q24.12"
"CXCR4","Approved symbol","CXCR4","C-X-C motif chemokine receptor 4","HGNC:2561","2q22.1"
"DCC","Approved symbol","DCC","DCC netrin 1 receptor","HGNC:2701","18q21.2"
"DCTN1","Approved symbol","DCTN1","dynactin subunit 1","HGNC:2711","2p13.1"
"DDR2","Approved symbol","DDR2","discoidin domain receptor tyrosine kinase 2","HGNC:2731","1q23.3"
"DES","Approved symbol","DES","desmin","HGNC:2770","2q35"
"DIAPH1","Approved symbol","DIAPH1","diaphanous related formin 1","HGNC:2876","5q31.3"
"DNM1L","Approved symbol","DNM1L","dynamin 1 like","HGNC:2973","12p11.21"
"DNM2","Approved symbol","DNM2","dynamin 2","HGNC:2974","19p13.2"
"DPF2","Approved symbol","DPF2","double PHD fingers 2","HGNC:9964","11q13.1"
"DSC2","Approved symbol","DSC2","desmocollin 2","HGNC:3036","18q12.1"
"DSC2","Alias symbol","DSC3","desmocollin 3","HGNC:3037","18q12.1"
"DSPP","Approved symbol","DSPP","dentin sialophosphoprotein","HGNC:3054","4q22.1"
"DYNC1H1","Approved symbol","DYNC1H1","dynein cytoplasmic 1 heavy chain 1","HGNC:2961","14q32.31"
"EEF1A2","Approved symbol","EEF1A2","eukaryotic translation elongation factor 1 alpha 2","HGNC:3192","20q13.33"
"EFEMP1","Approved symbol","EFEMP1","EGF-like fibulin extracellular matrix protein 1","HGNC:3218","2p16.1"
"EGFR","Approved symbol","EGFR","epidermal growth factor receptor","HGNC:3236","7p11.2"
"EGR2","Approved symbol","EGR2","early growth response 2","HGNC:3239","10q21.3"
"EIF2S3","Approved symbol","EIF2S3","eukaryotic translation initiation factor 2 subunit gamma","HGNC:3267","Xp22.11"
"ELANE","Approved symbol","ELANE","elastase, neutrophil expressed","HGNC:3309","19p13.3"
"ELP4","Approved symbol","ELP4","elongator acetyltransferase complex subunit 4","HGNC:1171","11p13"
"EMC1","Approved symbol","EMC1","ER membrane protein complex subunit 1","HGNC:28957","1p36.13"
"EPCAM","Approved symbol","EPCAM","epithelial cell adhesion molecule","HGNC:11529","2p21"
"EPHB4","Approved symbol","EPHB4","EPH receptor B4","HGNC:3395","7q22.1"
"ETS1","Approved symbol","ETS1","ETS proto-oncogene 1, transcription factor","HGNC:3488","11q24.3"
"EZH2","Approved symbol","EZH2","enhancer of zeste 2 polycomb repressive complex 2 subunit","HGNC:3527","7q36.1"
"F11","Approved symbol","F11","coagulation factor XI","HGNC:3529","4q35.2"
"F11","Alias symbol","ZNF160","zinc finger protein 160","HGNC:12948","19q13.42"
"F2","Approved symbol","F2","coagulation factor II, thrombin","HGNC:3535","11p11.2"
"F5","Approved symbol","F5","coagulation factor V","HGNC:3542","1q24.2"
"FAM111B","Approved symbol","FAM111B","FAM111 trypsin like peptidase B","HGNC:24200","11q12.1"
"FBLN5","Approved symbol","FBLN5","fibulin 5","HGNC:3602","14q32.12"
"FBXO38","Approved symbol","FBXO38","F-box protein 38","HGNC:28844","5q32"
"FGA","Approved symbol","FGA","fibrinogen alpha chain","HGNC:3661","4q31.3"
"FGB","Approved symbol","FGB","fibrinogen beta chain","HGNC:3662","4q31.3"
"FGF12","Approved symbol","FGF12","fibroblast growth factor 12","HGNC:3668","3q28-q29"
"FGF8","Approved symbol","FGF8","fibroblast growth factor 8","HGNC:3686","10q24.32"
"FGFR2","Approved symbol","FGFR2","fibroblast growth factor receptor 2","HGNC:3689","10q26.13"
"FGFR3","Approved symbol","FGFR3","fibroblast growth factor receptor 3","HGNC:3690","4p16.3"
"FGG","Approved symbol","FGG","fibrinogen gamma chain","HGNC:3694","4q32.1"
"FHOD3","Approved symbol","FHOD3","formin homology 2 domain containing 3","HGNC:26178","18q12.2"
"FLT4","Approved symbol","FLT4","fms related receptor tyrosine kinase 4","HGNC:3767","5q35.3"
"FN1","Approved symbol","FN1","fibronectin 1","HGNC:3778","2q35"
"FOXN1","Approved symbol","FOXN1","forkhead box N1","HGNC:12765","17q11.2"
"FUS","Approved symbol","FUS","FUS RNA binding protein","HGNC:4010","16p11.2"
"FXYD2","Approved symbol","FXYD2","FXYD domain containing ion transport regulator 2","HGNC:4026","11q23.3"
"GABBR2","Approved symbol","GABBR2","gamma-aminobutyric acid type B receptor subunit 2","HGNC:4507","9q22.33"
"GABRB3","Approved symbol","GABRB3","gamma-aminobutyric acid type A receptor subunit beta3","HGNC:4083","15q12"
"GABRD","Approved symbol","GABRD","gamma-aminobutyric acid type A receptor subunit delta","HGNC:4084","1p36.33"
"GABRG2","Approved symbol","GABRG2","gamma-aminobutyric acid type A receptor subunit gamma2","HGNC:4087","5q34"
"GANAB","Approved symbol","GANAB","glucosidase II alpha subunit","HGNC:4138","11q12.3"
"GARS1","Approved symbol","GARS1","glycyl-tRNA synthetase 1","HGNC:4162","7p14.3"
"GBA1","Approved symbol","GBA1","glucosylceramidase beta 1","HGNC:4177","1q22"
"GDAP1","Approved symbol","GDAP1","ganglioside induced differentiation associated protein 1","HGNC:15968","8q21.11"
"GDF2","Approved symbol","GDF2","growth differentiation factor 2","HGNC:4217","10q11.22"
"GFAP","Approved symbol","GFAP","glial fibrillary acidic protein","HGNC:4235","17q21.31"
"GFI1B","Approved symbol","GFI1B","growth factor independent 1B transcriptional repressor","HGNC:4238","9q34.13"
"GJB6","Approved symbol","GJB6","gap junction protein beta 6","HGNC:4288","13q12.11"
"GLUD1","Approved symbol","GLUD1","glutamate dehydrogenase 1","HGNC:4335","10q23.2"
"GLUD1","Alias symbol","GRID1","glutamate ionotropic receptor delta type subunit 1","HGNC:4575","10q23.1-q23.2"
"GNAI1","Approved symbol","GNAI1","G protein subunit alpha i1","HGNC:4384","7q21.11"
"GNAO1","Approved symbol","GNAO1","G protein subunit alpha o1","HGNC:4389","16q13"
"GNAT1","Approved symbol","GNAT1","G protein subunit alpha transducin 1","HGNC:4393","3p21.31"
"GNB4","Approved symbol","GNB4","G protein subunit beta 4","HGNC:20731","3q26.33"
"GP1BA","Approved symbol","GP1BA","glycoprotein Ib platelet subunit alpha","HGNC:4439","17p13.2"
"GREM1","Approved symbol","GREM1","gremlin 1, DAN family BMP antagonist","HGNC:2001","15q13.3"
"GRIA1","Approved symbol","GRIA1","glutamate ionotropic receptor AMPA type subunit 1","HGNC:4571","5q33.2"
"GRIA2","Approved symbol","GRIA2","glutamate ionotropic receptor AMPA type subunit 2","HGNC:4572","4q32.1"
"GRIA4","Approved symbol","GRIA4","glutamate ionotropic receptor AMPA type subunit 4","HGNC:4574","11q22.3"
"GRIK2","Approved symbol","GRIK2","glutamate ionotropic receptor kainate type subunit 2","HGNC:4580","6q16.3"
"GRIK2","Previous symbol","GRIK5","glutamate ionotropic receptor kainate type subunit 5","HGNC:4583","19q13.2"
"GRIN1","Approved symbol","GRIN1","glutamate ionotropic receptor NMDA type subunit 1","HGNC:4584","9q34.3"
"GRIN1","Alias symbol","GPRIN1","G protein regulated inducer of neurite outgrowth 1","HGNC:24835","5q35.2"
"GRN","Approved symbol","GRN","granulin precursor","HGNC:4601","17q21.31"
"GSDME","Approved symbol","GSDME","gasdermin E","HGNC:2810","7p15.3"
"GUCY2D","Approved symbol","GUCY2D","guanylate cyclase 2D, retinal","HGNC:4689","17p13.1"
"H1-4","Approved symbol","H1-4","H1.4 linker histone, cluster member","HGNC:4718","6p22.2"
"H3-3A","Approved symbol","H3-3A","H3.3 histone A","HGNC:4764","1q42.12"
"H4C5","Approved symbol","H4C5","H4 clustered histone 5","HGNC:4790","6p22.2"
"HAND1","Approved symbol","HAND1","heart and neural crest derivatives expressed 1","HGNC:4807","5q33.2"
"HBA1","Approved symbol","HBA1","hemoglobin subunit alpha 1","HGNC:4823","16p13.3"
"HBB","Approved symbol","HBB","hemoglobin subunit beta","HGNC:4827","11p15.4"
"HCN1","Approved symbol","HCN1","hyperpolarization activated cyclic nucleotide gated potassium channel 1","HGNC:4845","5p12"
"HECW2","Approved symbol","HECW2","HECT, C2 and WW domain containing E3 ubiquitin protein ligase 2","HGNC:29853","2q32.3"
"HEPACAM","Approved symbol","HEPACAM","hepatic and glial cell adhesion molecule","HGNC:26361","11q24.2"
"HNRNPR","Approved symbol","HNRNPR","heterogeneous nuclear ribonucleoprotein R","HGNC:5047","1p36.12"
"HSPB1","Approved symbol","HSPB1","heat shock protein family B (small) member 1","HGNC:5246","7q11.23"
"HSPB8","Approved symbol","HSPB8","heat shock protein family B (small) member 8","HGNC:30171","12q24.23"
"HTT","Approved symbol","HTT","huntingtin","HGNC:4851","4p16.3"
"HTT","Previous symbol","SLC6A4","solute carrier family 6 member 4","HGNC:11050","17q11.2"
"IDH2","Approved symbol","IDH2","isocitrate dehydrogenase (NADP(+)) 2","HGNC:5383","15q26.1"
"IFIH1","Approved symbol","IFIH1","interferon induced with helicase C domain 1","HGNC:18873","2q24.2"
"IGF2","Approved symbol","IGF2","insulin like growth factor 2","HGNC:5466","11p15.5"
"IKZF3","Approved symbol","IKZF3","IKAROS family zinc finger 3","HGNC:13178","17q12-q21.1"
"INF2","Approved symbol","INF2","inverted formin 2","HGNC:23791","14q32.33"
"INS","Approved symbol","INS","insulin","HGNC:6081","11p15.5"
"IRF2BPL","Approved symbol","IRF2BPL","interferon regulatory factor 2 binding protein like","HGNC:14282","14q24.3"
"IRF4","Approved symbol","IRF4","interferon regulatory factor 4","HGNC:6119","6p25.3"
"ISL1","Approved symbol","ISL1","ISL LIM homeobox 1","HGNC:6132","5q11.1"
"ITGA2B","Approved symbol","ITGA2B","integrin subunit alpha 2b","HGNC:6138","17q21.31"
"JPH2","Approved symbol","JPH2","junctophilin 2","HGNC:14202","20q13.12"
"KCNA2","Approved symbol","KCNA2","potassium voltage-gated channel subfamily A member 2","HGNC:6220","1p13.3"
"KCNB1","Approved symbol","KCNB1","potassium voltage-gated channel subfamily B member 1","HGNC:6231","20q13.13"
"KCNC1","Approved symbol","KCNC1","potassium voltage-gated channel subfamily C member 1","HGNC:6233","11p15.1"
"KCNC2","Approved symbol","KCNC2","potassium voltage-gated channel subfamily C member 2","HGNC:6234","12q21.1"
"KCNH1","Approved symbol","KCNH1","potassium voltage-gated channel subfamily H member 1","HGNC:6250","1q32.2"
"KCNH5","Approved symbol","KCNH5","potassium voltage-gated channel subfamily H member 5","HGNC:6254","14q23.2"
"KCNJ11","Approved symbol","KCNJ11","potassium inwardly rectifying channel subfamily J member 11","HGNC:6257","11p15.1"
"KCNJ2","Approved symbol","KCNJ2","potassium inwardly rectifying channel subfamily J member 2","HGNC:6263","17q24.3"
"KCNK3","Approved symbol","KCNK3","potassium two pore domain channel subfamily K member 3","HGNC:6278","2p23.3"
"KCNMA1","Approved symbol","KCNMA1","potassium calcium-activated channel subfamily M alpha 1","HGNC:6284","10q22.3"
"KCNQ3","Approved symbol","KCNQ3","potassium voltage-gated channel subfamily Q member 3","HGNC:6297","8q24.22"
"KCNQ4","Approved symbol","KCNQ4","potassium voltage-gated channel subfamily Q member 4","HGNC:6298","1p34.2"
"KCNT1","Approved symbol","KCNT1","potassium sodium-activated channel subfamily T member 1","HGNC:18865","9q34.3"
"KDR","Approved symbol","KDR","kinase insert domain receptor","HGNC:6307","4q12"
"KIDINS220","Approved symbol","KIDINS220","kinase D interacting substrate 220","HGNC:29508","2p25.1"
"KIF1A","Approved symbol","KIF1A","kinesin family member 1A","HGNC:888","2q37.3"
"KIF21A","Approved symbol","KIF21A","kinesin family member 21A","HGNC:19349","12q12"
"KIF5A","Approved symbol","KIF5A","kinesin family member 5A","HGNC:6323","12q13.3"
"KIF5C","Approved symbol","KIF5C","kinesin family member 5C","HGNC:6325","2q23.1-q23.2"
"KLF13","Approved symbol","KLF13","KLF transcription factor 13","HGNC:13672","15q13.3"
"LITAF","Approved symbol","LITAF","lipopolysaccharide induced TNF factor","HGNC:16841","16p13.13"
"LRP12","Approved symbol","LRP12","LDL receptor related protein 12","HGNC:31708","8q22.3"
"LRRK2","Approved symbol","LRRK2","leucine rich repeat kinase 2","HGNC:18618","12q12"
"LRSAM1","Approved symbol","LRSAM1","leucine rich repeat and sterile alpha motif containing 1","HGNC:25135","9q33.3-q34.11"
"MAB21L2","Approved symbol","MAB21L2","mab-21 like 2","HGNC:6758","4q31.3"
"MACF1","Approved symbol","MACF1","microtubule actin crosslinking factor 1","HGNC:13664","1p34.3"
"MAGEL2","Approved symbol","MAGEL2","MAGE family member L2","HGNC:6814","15q11.2"
"MAP1B","Approved symbol","MAP1B","microtubule associated protein 1B","HGNC:6836","5q13.2"
"MAPK8IP3","Approved symbol","MAPK8IP3","mitogen-activated protein kinase 8 interacting protein 3","HGNC:6884","16p13.3"
"MECOM","Approved symbol","MECOM","MDS1 and EVI1 complex locus","HGNC:3498","3q26.2"
"MED13","Approved symbol","MED13","mediator complex subunit 13","HGNC:22474","17q23.2"
"MEFV","Approved symbol","MEFV","MEFV innate immunity regulator, pyrin","HGNC:6998","16p13.3"
"MESP1","Approved symbol","MESP1","mesoderm posterior bHLH transcription factor 1","HGNC:29658","15q26.1"
"MET","Approved symbol","MET","MET proto-oncogene, receptor tyrosine kinase","HGNC:7029","7q31.2"
"MET","Alias symbol","SLTM","SAFB like transcription modulator","HGNC:20709","15q22.1"
"MFN2","Approved symbol","MFN2","mitofusin 2","HGNC:16877","1p36.22"
"MORC2","Approved symbol","MORC2","MORC family CW-type zinc finger 2","HGNC:23573","22q12.2"
"MPL","Approved symbol","MPL","MPL proto-oncogene, thrombopoietin receptor","HGNC:7217","1p34.2"
"MPZ","Approved symbol","MPZ","myelin protein zero","HGNC:7225","1q23.3"
"MSX2","Approved symbol","MSX2","msh homeobox 2","HGNC:7392","5q35.2"
"MTAP","Approved symbol","MTAP","methylthioadenosine phosphorylase","HGNC:7413","9p21.3"
"MTOR","Approved symbol","MTOR","mechanistic target of rapamycin kinase","HGNC:3942","1p36.22"
"MUC1","Approved symbol","MUC1","mucin 1, cell surface associated","HGNC:7508","1q22"
"MYH10","Approved symbol","MYH10","myosin heavy chain 10","HGNC:7568","17p13.1"
"MYH2","Approved symbol","MYH2","myosin heavy chain 2","HGNC:7572","17p13.1"
"MYH6","Approved symbol","MYH6","myosin heavy chain 6","HGNC:7576","14q11.2"
"MYH7","Approved symbol","MYH7","myosin heavy chain 7","HGNC:7577","14q11.2"
"MYH9","Approved symbol","MYH9","myosin heavy chain 9","HGNC:7579","22q12.3"
"MYL2","Approved symbol","MYL2","myosin light chain 2","HGNC:7583","12q24.11"
"MYL3","Approved symbol","MYL3","myosin light chain 3","HGNC:7584","3p21.31"
"MYO6","Approved symbol","MYO6","myosin VI","HGNC:7605","6q14.1"
"MYO7A","Approved symbol","MYO7A","myosin VIIA","HGNC:7606","11q13.5"
"MYOC","Approved symbol","MYOC","myocilin","HGNC:7610","1q24.3"
"NACC1","Approved symbol","NACC1","nucleus accumbens associated 1","HGNC:20967","19p13.13"
"NARS1","Approved symbol","NARS1","asparaginyl-tRNA synthetase 1","HGNC:7643","18q21.31"
"NEDD4L","Approved symbol","NEDD4L","NEDD4 like E3 ubiquitin protein ligase","HGNC:7728","18q21.31"
"NEFH","Approved symbol","NEFH","neurofilament heavy chain","HGNC:7737","22q12.2"
"NEFL","Approved symbol","NEFL","neurofilament light chain","HGNC:7739","8p21.2"
"NEK1","Approved symbol","NEK1","NIMA related kinase 1","HGNC:7744","4q33"
"NFKB2","Approved symbol","NFKB2","nuclear factor kappa B subunit 2","HGNC:7795","10q24.32"
"NOD2","Approved symbol","NOD2","nucleotide binding oligomerization domain containing 2","HGNC:5331","16q12.1"
"NPRL2","Approved symbol","NPRL2","NPR2 like, GATOR1 complex subunit","HGNC:24969","3p21.31"
"NR2F2","Approved symbol","NR2F2","nuclear receptor subfamily 2 group F member 2","HGNC:7976","15q26.2"
"OPA1","Approved symbol","OPA1","OPA1 mitochondrial dynamin like GTPase","HGNC:8140","3q29"
"OPA1","Alias symbol","MED12","mediator complex subunit 12","HGNC:11957","Xq13.1"
"OPA3","Approved symbol","OPA3","outer mitochondrial membrane lipid metabolism regulator OPA3","HGNC:8142","19q13.32"
"OPTN","Approved symbol","OPTN","optineurin","HGNC:17142","10p13"
"ORAI1","Approved symbol","ORAI1","ORAI calcium release-activated calcium modulator 1","HGNC:25896","12q24.31"
"OSBPL2","Approved symbol","OSBPL2","oxysterol binding protein like 2","HGNC:15761","20q13.33"
"P2RY12","Approved symbol","P2RY12","purinergic receptor P2Y12","HGNC:18124","3q25.1"
"PACS2","Approved symbol","PACS2","phosphofurin acidic cluster sorting protein 2","HGNC:23794","14q32.33"
"PARN","Approved symbol","PARN","poly(A)-specific ribonuclease","HGNC:8609","16p13.12"
"PCGF2","Approved symbol","PCGF2","polycomb group ring finger 2","HGNC:12929","17q12"
"PCSK9","Approved symbol","PCSK9","proprotein convertase subtilisin/kexin type 9","HGNC:20001","1p32.3"
"PDGFRA","Approved symbol","PDGFRA","platelet derived growth factor receptor alpha","HGNC:8803","4q12"
"PDX1","Approved symbol","PDX1","pancreatic and duodenal homeobox 1","HGNC:6107","13q12.2"
"PDX1","Alias symbol","PDHX","pyruvate dehydrogenase complex component X","HGNC:21350","11p13"
"PFN1","Approved symbol","PFN1","profilin 1","HGNC:8881","17p13.2"
"PIEZO1","Approved symbol","PIEZO1","piezo type mechanosensitive ion channel component 1 (Er blood group)","HGNC:28993","16q24.3"
"PIK3CA","Approved symbol","PIK3CA","phosphatidylinositol-4,5-bisphosphate 3-kinase catalytic subunit alpha","HGNC:8975","3q26.32"
"PIK3CD","Approved symbol","PIK3CD","phosphatidylinositol-4,5-bisphosphate 3-kinase catalytic subunit delta","HGNC:8977","1p36.22"
"PIK3R2","Approved symbol","PIK3R2","phosphoinositide-3-kinase regulatory subunit 2","HGNC:8980","19p13.11"
"PLCB4","Approved symbol","PLCB4","phospholipase C beta 4","HGNC:9059","20p12.3-p12.2"
"PLN","Approved symbol","PLN","phospholamban","HGNC:9080","6q22.31"
"POLD1","Approved symbol","POLD1","DNA polymerase delta 1, catalytic subunit","HGNC:9175","19q13.3"
"POLE","Approved symbol","POLE","DNA polymerase epsilon, catalytic subunit","HGNC:9177","12q24.33"
"POU3F3","Approved symbol","POU3F3","POU class 3 homeobox 3","HGNC:9216","2q12.1"
"PPARG","Approved symbol","PPARG","peroxisome proliferator activated receptor gamma","HGNC:9236","3p25.2"
"PPM1D","Approved symbol","PPM1D","protein phosphatase, Mg2+/Mn2+ dependent 1D","HGNC:9277","17q23.3"
"PPOX","Approved symbol","PPOX","protoporphyrinogen oxidase","HGNC:9280","1q23.3"
"PPOX","Alias symbol","HCRT","hypocretin neuropeptide precursor","HGNC:4847","17q21.2"
"PPP1R12A","Approved symbol","PPP1R12A","protein phosphatase 1 regulatory subunit 12A","HGNC:7618","12q21.2-q21.31"
"PRKAG2","Approved symbol","PRKAG2","protein kinase AMP-activated non-catalytic subunit gamma 2","HGNC:9386","7q36.1"
"PROC","Approved symbol","PROC","protein C, inactivator of coagulation factors Va and VIIIa","HGNC:9451","2q14.3"
"PROK2","Approved symbol","PROK2","prokineticin 2","HGNC:18455","3p13"
"PROKR2","Approved symbol","PROKR2","prokineticin receptor 2","HGNC:15836","20p12.3"
"PRPF31","Approved symbol","PRPF31","pre-mRNA processing factor 31","HGNC:15446","19q13.42"
"PRPF4","Approved symbol","PRPF4","pre-mRNA splicing tri-snRNP complex factor PRPF4","HGNC:17349","9q32"
"PRSS1","Approved symbol","PRSS1","serine protease 1","HGNC:9475","7q34"
"PSMD12","Approved symbol","PSMD12","proteasome 26S subunit, non-ATPase 12","HGNC:9557","17q24.2"
"RAB7A","Approved symbol","RAB7A","RAB7A, member RAS oncogene family","HGNC:9788","3q21.3"
"RAC1","Approved symbol","RAC1","Rac family small GTPase 1","HGNC:9801","7p22.1"
"RAC1","Alias symbol","RNASE1","ribonuclease A family member 1, pancreatic","HGNC:10044","14q11.2"
"RAC2","Approved symbol","RAC2","Rac family small GTPase 2","HGNC:9802","22q13.1"
"RALA","Approved symbol","RALA","RAS like proto-oncogene A","HGNC:9839","7p14.1"
"RANBP2","Approved symbol","RANBP2","RAN binding protein 2","HGNC:9848","2q13"
"RARB","Approved symbol","RARB","retinoic acid receptor beta","HGNC:9865","3p24.2"
"RBFOX2","Approved symbol","RBFOX2","RNA binding fox-1 homolog 2","HGNC:9906","22q12.3"
"RBM20","Approved symbol","RBM20","RNA binding motif protein 20","HGNC:27424","10q25.2"
"RELA","Approved symbol","RELA","RELA proto-oncogene, NF-kB subunit","HGNC:9955","11q13.1"
"REN","Approved symbol","REN","renin","HGNC:9958","1q32.1"
"REN","Alias symbol","KCTD11","potassium channel tetramerization domain containing 11","HGNC:21302","17p13.1"
"RFX3","Approved symbol","RFX3","regulatory factor X3","HGNC:9984","9p24.2"
"RFX6","Approved symbol","RFX6","regulatory factor X6","HGNC:21478","6q22.1"
"RHBDF2","Approved symbol","RHBDF2","rhomboid 5 homolog 2","HGNC:20788","17q25.1"
"RHOBTB2","Approved symbol","RHOBTB2","Rho related BTB domain containing 2","HGNC:18756","8p21.3"
"RNF43","Approved symbol","RNF43","ring finger protein 43","HGNC:18505","17q22"
"RP1","Approved symbol","RP1","RP1 axonemal microtubule associated","HGNC:10263","8q11.23-q12.1"
"RP1","Alias symbol","WHR1","winged helix repair factor 1","HGNC:11398","6p21.33"
"RP1","Alias symbol","MAPRE2","microtubule associated protein RP/EB family member 2","HGNC:6891","18q12.1-q12.2"
"RP1","Alias symbol","TMEM184B-AS1","TMEM184B antisense RNA 1","HGNC:56716","22q13.1"
"RPE65","Approved symbol","RPE65","retinoid isomerohydrolase RPE65","HGNC:10294","1p31.3"
"RPL5","Approved symbol","RPL5","ribosomal protein L5","HGNC:10360","1p22.1"
"RYR1","Approved symbol","RYR1","ryanodine receptor 1","HGNC:10483","19q13.2"
"SATB1","Approved symbol","SATB1","SATB homeobox 1","HGNC:10541","3p24.3"
"SCN11A","Approved symbol","SCN11A","sodium voltage-gated channel alpha subunit 11","HGNC:10583","3p22.2"
"SCN1B","Approved symbol","SCN1B","sodium voltage-gated channel beta subunit 1","HGNC:10586","19q13.11"
"SCN3A","Approved symbol","SCN3A","sodium voltage-gated channel alpha subunit 3","HGNC:10590","2q24.3"
"SCN8A","Approved symbol","SCN8A","sodium voltage-gated channel alpha subunit 8","HGNC:10596","12q13.13"
"SCNN1G","Approved symbol","SCNN1G","sodium channel epithelial 1 subunit gamma","HGNC:10602","16p12.2"
"SDHA","Approved symbol","SDHA","succinate dehydrogenase complex flavoprotein subunit A","HGNC:10680","5p15.33"
"SEC61A1","Approved symbol","SEC61A1","SEC61 translocon subunit alpha 1","HGNC:18276","3q21.3"
"SEC63","Approved symbol","SEC63","SEC63 protein translocation regulator","HGNC:21082","6q21"
"SEPTIN9","Approved symbol","SEPTIN9","septin 9","HGNC:7323","17q25.3"
"SERPINC1","Approved symbol","SERPINC1","serpin family C member 1","HGNC:775","1q25.1"
"SERPIND1","Approved symbol","SERPIND1","serpin family D member 1","HGNC:4838","22q11.21"
"SERPING1","Approved symbol","SERPING1","serpin family G member 1","HGNC:1228","11q12.1"
"SERPINI1","Approved symbol","SERPINI1","serpin family I member 1","HGNC:8943","3q26.1"
"SETX","Approved symbol","SETX","senataxin","HGNC:445","9q34.13"
"SHANK1","Approved symbol","SHANK1","SH3 and multiple ankyrin repeat domains 1","HGNC:15474","19q13.33"
"SIX1","Approved symbol","SIX1","SIX homeobox 1","HGNC:10887","14q23.1"
"SLC1A2","Approved symbol","SLC1A2","solute carrier family 1 member 2","HGNC:10940","11p13"
"SLC1A3","Approved symbol","SLC1A3","solute carrier family 1 member 3","HGNC:10941","5p13.2"
"SLC4A3","Approved symbol","SLC4A3","solute carrier family 4 member 3","HGNC:11029","2q35"
"SLC5A7","Approved symbol","SLC5A7","solute carrier family 5 member 7","HGNC:14025","2q12.3"
"SMAD2","Approved symbol","SMAD2","SMAD family member 2","HGNC:6768","18q21.1"
"SMAD9","Approved symbol","SMAD9","SMAD family member 9","HGNC:6774","13q13.3"
"SMARCC1","Approved symbol","SMARCC1","SWI/SNF related BAF chromatin remodeling complex subunit C1","HGNC:11104","3p21.31"
"SMC3","Approved symbol","SMC3","structural maintenance of chromosomes 3","HGNC:2468","10q25.2"
"SMCHD1","Approved symbol","SMCHD1","structural maintenance of chromosomes flexible hinge domain containing 1","HGNC:29090","18p11.32"
"SNCA","Approved symbol","SNCA","synuclein alpha","HGNC:11138","4q22.1"
"SNRNP200","Approved symbol","SNRNP200","small nuclear ribonucleoprotein U5 subunit 200","HGNC:30859","2q11.2"
"SOD1","Approved symbol","SOD1","superoxide dismutase 1","HGNC:11179","21q22.11"
"SOX6","Approved symbol","SOX6","SRY-box transcription factor 6","HGNC:16421","11p15.2"
"SPEN","Approved symbol","SPEN","spen family transcriptional repressor","HGNC:17575","1p36.21-p36.13"
"SPTBN1","Approved symbol","SPTBN1","spectrin beta, non-erythrocytic 1","HGNC:11275","2p16.2"
"SPTLC2","Approved symbol","SPTLC2","serine palmitoyltransferase long chain base subunit 2","HGNC:11278","14q24.3"
"SQSTM1","Approved symbol","SQSTM1","sequestosome 1","HGNC:11280","5q35.3"
"SRCAP","Approved symbol","SRCAP","Snf2 related CREBBP activator protein","HGNC:16974","16p11.2"
"SSBP1","Approved symbol","SSBP1","single stranded DNA binding protein 1","HGNC:11317","7q34"
"STAT1","Approved symbol","STAT1","signal transducer and activator of transcription 1","HGNC:11362","2q32.2"
"STAT3","Approved symbol","STAT3","signal transducer and activator of transcription 3","HGNC:11364","17q21.2"
"STAT6","Approved symbol","STAT6","signal transducer and activator of transcription 6","HGNC:11368","12q13.3"
"STIM1","Approved symbol","STIM1","stromal interaction molecule 1","HGNC:11386","11p15.4"
"STX1B","Approved symbol","STX1B","syntaxin 1B","HGNC:18539","16p11.2"
"SUFU","Approved symbol","SUFU","SUFU negative regulator of hedgehog signaling","HGNC:16466","10q24.32"
"SYT2","Approved symbol","SYT2","synaptotagmin 2","HGNC:11510","1q32.1"
"TANC2","Approved symbol","TANC2","tetratricopeptide repeat, ankyrin repeat and coiled-coil containing 2","HGNC:30212","17q23.2-q23.3"
"TARDBP","Approved symbol","TARDBP","TAR DNA binding protein","HGNC:11571","1p36.22"
"TBK1","Approved symbol","TBK1","TANK binding kinase 1","HGNC:11584","12q14.2"
"TCF3","Approved symbol","TCF3","transcription factor 3","HGNC:11633","19p13.3"
"TCF3","Previous symbol","TCF7L1","transcription factor 7 like 1","HGNC:11640","2p11.2"
"TCF7L2","Approved symbol","TCF7L2","transcription factor 7 like 2","HGNC:11641","10q25.2-q25.3"
"TECTA","Approved symbol","TECTA","tectorin alpha","HGNC:11720","11q23.3"
"TEK","Approved symbol","TEK","TEK receptor tyrosine kinase","HGNC:11724","9p21.2"
"TERC","Approved symbol","TERC","telomerase RNA component","HGNC:11727","3q26.2"
"TERT","Approved symbol","TERT","telomerase reverse transcriptase","HGNC:11730","5p15.33"
"TET3","Approved symbol","TET3","tet methylcytosine dioxygenase 3","HGNC:28313","2p13.1"
"TGFBR2","Approved symbol","TGFBR2","transforming growth factor beta receptor 2","HGNC:11773","3p24.1"
"THPO","Approved symbol","THPO","thrombopoietin","HGNC:11795","3q27.1"
"TIMP3","Approved symbol","TIMP3","TIMP metallopeptidase inhibitor 3","HGNC:11822","22q12.3"
"TMC1","Approved symbol","TMC1","transmembrane channel like 1","HGNC:16513","9q21.13"
"TMEM43","Approved symbol","TMEM43","transmembrane protein 43","HGNC:28472","3p25.1"
"TNNC1","Approved symbol","TNNC1","troponin C1, slow skeletal and cardiac type","HGNC:11943","3p21.1"
"TNNC1","Alias symbol","TNNI3","troponin I3, cardiac type","HGNC:11947","19q13.42"
"TNNI3","Approved symbol","TNNI3","troponin I3, cardiac type","HGNC:11947","19q13.42"
"TOP2B","Approved symbol","TOP2B","DNA topoisomerase II beta","HGNC:11990","3p24.2"
"TPM1","Approved symbol","TPM1","tropomyosin 1","HGNC:12010","15q22.2"
"TPM2","Approved symbol","TPM2","tropomyosin 2","HGNC:12011","9p13.3"
"TPM3","Approved symbol","TPM3","tropomyosin 3","HGNC:12012","1q21.3"
"TRAF3","Approved symbol","TRAF3","TNF receptor associated factor 3","HGNC:12033","14q32.32"
"TRAF7","Approved symbol","TRAF7","TNF receptor associated factor 7","HGNC:20456","16p13.3"
"TRIM8","Approved symbol","TRIM8","tripartite motif containing 8","HGNC:15579","10q24.32"
"TRPM3","Approved symbol","TRPM3","transient receptor potential cation channel subfamily M member 3","HGNC:17992","9q21.12-q21.13"
"TRPM7","Approved symbol","TRPM7","transient receptor potential cation channel subfamily M member 7","HGNC:17994","15q21.2"
"TRPV4","Approved symbol","TRPV4","transient receptor potential cation channel subfamily V member 4","HGNC:18083","12q24.11"
"TRRAP","Approved symbol","TRRAP","transformation/transcription domain associated protein","HGNC:12347","7q22.1"
"TTR","Approved symbol","TTR","transthyretin","HGNC:12405","18q12.1"
"TUBA1A","Approved symbol","TUBA1A","tubulin alpha 1a","HGNC:20766","12q13.12"
"TUBB1","Approved symbol","TUBB1","tubulin beta 1 class VI","HGNC:16257","20q13.32"
"TUBB2A","Approved symbol","TUBB2A","tubulin beta 2A class IIa","HGNC:12412","6p25.2"
"TUBB2B","Approved symbol","TUBB2B","tubulin beta 2B class IIb","HGNC:30829","6p25.2"
"TUBB3","Approved symbol","TUBB3","tubulin beta 3 class III","HGNC:20772","16q24.3"
"TUBB4A","Approved symbol","TUBB4A","tubulin beta 4A class IVa","HGNC:20774","19p13.3"
"TUBG1","Approved symbol","TUBG1","tubulin gamma 1","HGNC:12417","17q21.31"
"UBA2","Approved symbol","UBA2","ubiquitin like modifier activating enzyme 2","HGNC:30661","19q13.11"
"UBTF","Approved symbol","UBTF","upstream binding transcription factor","HGNC:12511","17q21.31"
"UMOD","Approved symbol","UMOD","uromodulin","HGNC:12559","16p12.3"
"VAPB","Approved symbol","VAPB","VAMP associated protein B and C","HGNC:12649","20q13.32"
"VCAN","Approved symbol","VCAN","versican","HGNC:2464","5q14.2-q14.3"
"VCP","Approved symbol","VCP","valosin containing protein","HGNC:12666","9p13.3"
"VPS35","Approved symbol","VPS35","VPS35 retromer complex component","HGNC:13487","16q11.2"
"VWF","Approved symbol","VWF","von Willebrand factor","HGNC:12726","12p13.31"
"WNT10A","Approved symbol","WNT10A","Wnt family member 10A","HGNC:13829","2q35"
"YARS1","Approved symbol","YARS1","tyrosyl-tRNA synthetase 1","HGNC:12840","1p35.1"
"ZBTB20","Approved symbol","ZBTB20","zinc finger and BTB domain containing 20","HGNC:13503","3q13.31"
"ZCCHC8","Approved symbol","ZCCHC8","zinc finger CCHC-type containing 8","HGNC:25265","12q24.31"
"ZIC1","Approved symbol","ZIC1","Zic family zinc finger 1","HGNC:12872","3q24"
"ZMIZ1","Approved symbol","ZMIZ1","zinc finger MIZ-type containing 1","HGNC:16493","10q22.3"
"DNMT1","Approved symbol","DNMT1","DNA methyltransferase 1","HGNC:2976","19p13.2"
"FOXE3","Approved symbol","FOXE3","forkhead box E3","HGNC:3808","1p33"
"LOX","Approved symbol","LOX","lysyl oxidase","HGNC:6664","5q23.1"
"MFAP5","Approved symbol","MFAP5","microfibril associated protein 5","HGNC:29673","12p13.31"
"MYH11","Approved symbol","MYH11","myosin heavy chain 11","HGNC:7569","16p13.11"
"MYLK","Approved symbol","MYLK","myosin light chain kinase","HGNC:7590","3q21.1"
"PRKG1","Approved symbol","PRKG1","protein kinase cGMP-dependent 1","HGNC:9414","10q11.23-q21.1"
"RPS10","Approved symbol","RPS10","ribosomal protein S10","HGNC:10383","6p21.31"
"TGFB2","Approved symbol","TGFB2","transforming growth factor beta 2","HGNC:11768","1q41"
"SFTPC","Approved symbol","SFTPC","surfactant protein C","HGNC:10802","8p21.3"
"KDM3B","Approved symbol","KDM3B","lysine demethylase 3B","HGNC:1337","5q31.2"
"ALK","Approved symbol","ALK","ALK receptor tyrosine kinase","HGNC:427","2p23.2-p23.1"
"BRAF","Approved symbol","BRAF","B-Raf proto-oncogene, serine/threonine kinase","HGNC:1097","7q34"
"CEACAM16","Approved symbol","CEACAM16","CEA cell adhesion molecule 16, tectorial membrane component","HGNC:31948","19q13.31-q13.32"
"COL11A2","Approved symbol","COL11A2","collagen type XI alpha 2 chain","HGNC:2187","6p21.32"
"GRHL2","Approved symbol","GRHL2","grainyhead like transcription factor 2","HGNC:2799","8q22.3"
"GRIN2D","Approved symbol","GRIN2D","glutamate ionotropic receptor NMDA type subunit 2D","HGNC:4588","19q13.33"
"HOMER2","Approved symbol","HOMER2","homer scaffold protein 2","HGNC:17513","15q25.2"
"HRAS","Approved symbol","HRAS","HRas proto-oncogene, GTPase","HGNC:5173","11p15.5"
"KRAS","Approved symbol","KRAS","KRAS proto-oncogene, GTPase","HGNC:6407","12p12.1"
"LZTR1","Approved symbol","LZTR1","leucine zipper like post translational regulator 1","HGNC:6742","22q11.21"
"MAP2K1","Approved symbol","MAP2K1","mitogen-activated protein kinase kinase 1","HGNC:6840","15q22.31"
"MAP2K2","Approved symbol","MAP2K2","mitogen-activated protein kinase kinase 2","HGNC:6842","19p13.3"
"MIR96","Approved symbol","MIR96","microRNA 96","HGNC:31648","7q32.2"
"MRAS","Approved symbol","MRAS","muscle RAS oncogene homolog","HGNC:7227","3q22.3"
"MYH14","Approved symbol","MYH14","myosin heavy chain 14","HGNC:23212","19q13.33"
"MYH14","Alias symbol","MYH7B","myosin heavy chain 7B","HGNC:15906","20q11.22"
"NRAS","Approved symbol","NRAS","NRAS proto-oncogene, GTPase","HGNC:7989","1p13.2"
"P2RX2","Approved symbol","P2RX2","purinergic receptor P2X 2","HGNC:15459","12q24.33"
"PPP1CB","Approved symbol","PPP1CB","protein phosphatase 1 catalytic subunit beta","HGNC:9282","2p23.2"
"RIT1","Approved symbol","RIT1","Ras like without CAAX 1","HGNC:10023","1q22"
"SHOC2","Approved symbol","SHOC2","SHOC2 leucine rich repeat scaffold protein","HGNC:15454","10q25.2"
"SOS1","Approved symbol","SOS1","SOS Ras/Rac guanine nucleotide exchange factor 1","HGNC:11187","2p22.1"
"SOS2","Approved symbol","SOS2","SOS Ras/Rho guanine nucleotide exchange factor 2","HGNC:11188","14q21.3"
"ZNF292","Approved symbol","ZNF292","zinc finger protein 292","HGNC:18410","6q14.3"
"AICDA","Approved symbol","AICDA","activation induced cytidine deaminase","HGNC:13203","12p13.31"
"ATP1A2","Approved symbol","ATP1A2","ATPase Na+/K+ transporting subunit alpha 2","HGNC:800","1q23.2"
"CD164","Approved symbol","CD164","CD164 molecule","HGNC:1632","6q21"
"CD2AP","Approved symbol","CD2AP","CD2 associated protein","HGNC:14258","6p12.3"
"DNAJB11","Approved symbol","DNAJB11","DnaJ heat shock protein family (Hsp40) member B11","HGNC:14889","3q27.3"
"DNAJB6","Approved symbol","DNAJB6","DnaJ heat shock protein family (Hsp40) member B6","HGNC:14888","7q36.3"
"DNM1","Approved symbol","DNM1","dynamin 1","HGNC:2972","9q34.11"
"ELOVL4","Approved symbol","ELOVL4","ELOVL fatty acid elongase 4","HGNC:14415","6q14.1"
"F12","Approved symbol","F12","coagulation factor XII","HGNC:3530","5q35.3"
"FLI1","Approved symbol","FLI1","Fli-1 proto-oncogene, ETS transcription factor","HGNC:3749","11q24.3"
"FLI1","Alias symbol","FLII","FLII actin remodeling protein","HGNC:3750","17p11.2"
"GABRA1","Approved symbol","GABRA1","gamma-aminobutyric acid type A receptor subunit alpha1","HGNC:4075","5q34"
"GJB3","Approved symbol","GJB3","gap junction protein beta 3","HGNC:4285","1p34.3"
"GMNN","Approved symbol","GMNN","geminin DNA replication inhibitor","HGNC:17493","6p22.3"
"HAND2","Approved symbol","HAND2","heart and neural crest derivatives expressed 2","HGNC:4808","4q34.1"
"HNRNPA2B1","Approved symbol","HNRNPA2B1","heterogeneous nuclear ribonucleoprotein A2/B1","HGNC:5033","7p15.2"
"HRG","Approved symbol","HRG","histidine rich glycoprotein","HGNC:5181","3q27.3"
"HRG","Alias symbol","NRG1","neuregulin 1","HGNC:7997","8p12"
"IFT140","Approved symbol","IFT140","intraflagellar transport 140","HGNC:29077","16p13.3"
"IMPDH1","Approved symbol","IMPDH1","inosine monophosphate dehydrogenase 1","HGNC:6052","7q32.1"
"IMPG1","Approved symbol","IMPG1","interphotoreceptor matrix proteoglycan 1","HGNC:6055","6q14.1"
"KCNA1","Approved symbol","KCNA1","potassium voltage-gated channel subfamily A member 1","HGNC:6218","12p13.32"
"KDM4B","Approved symbol","KDM4B","lysine demethylase 4B","HGNC:29136","19p13.3"
"MATR3","Approved symbol","MATR3","matrin 3","HGNC:6912","5q31.2"
"MED12L","Approved symbol","MED12L","mediator complex subunit 12L","HGNC:16050","3q25.1"
"NKX2-1","Approved symbol","NKX2-1","NK2 homeobox 1","HGNC:11825","14q13.3"
"PLAU","Approved symbol","PLAU","plasminogen activator, urokinase","HGNC:9052","10q22.2"
"POLR2A","Approved symbol","POLR2A","RNA polymerase II subunit A","HGNC:9187","17p13.1"
"PROS1","Approved symbol","PROS1","protein S","HGNC:9456","3q11.1"
"PRPF8","Approved symbol","PRPF8","pre-mRNA processing factor 8","HGNC:17340","17p13.3"
"PRPH2","Approved symbol","PRPH2","peripherin 2","HGNC:9942","6p21.1"
"RDH12","Approved symbol","RDH12","retinol dehydrogenase 12","HGNC:19977","14q24.1"
"RRAS2","Approved symbol","RRAS2","RAS related 2","HGNC:17271","11p15.2"
"RYR2","Approved symbol","RYR2","ryanodine receptor 2","HGNC:10484","1q43"
"SKI","Approved symbol","SKI","SKI proto-oncogene","HGNC:10896","1p36.33-p36.32"
"SKI","Alias symbol","HHAT","hedgehog acyltransferase","HGNC:18270","1q32.2"
"SLC17A8","Approved symbol","SLC17A8","solute carrier family 17 member 8","HGNC:20151","12q23.1"
"SLC52A1","Approved symbol","SLC52A1","solute carrier family 52 member 1","HGNC:30225","17p13.2"
"SRC","Approved symbol","SRC","SRC proto-oncogene, non-receptor tyrosine kinase","HGNC:11283","20q11.23"
"THBD","Approved symbol","THBD","thrombomodulin","HGNC:11784","20p11.21"
"TOPORS","Approved symbol","TOPORS","TOP1 binding arginine/serine rich protein, E3 ubiquitin ligase","HGNC:21653","9p21.1"
"TPM4","Approved symbol","TPM4","tropomyosin 4","HGNC:12013","19p13.12-p13.11"
"TSPAN12","Approved symbol","TSPAN12","tetraspanin 12","HGNC:21641","7q31.31"
"WASHC5","Approved symbol","WASHC5","WASH complex subunit 5","HGNC:28984","8q24.13"
"WDR37","Approved symbol","WDR37","WD repeat domain 37","HGNC:31406","10p15.3"
"WNT5A","Approved symbol","WNT5A","Wnt family member 5A","HGNC:12784","3p14.3"
"TP63","Approved symbol","TP63","tumor protein p63","HGNC:15979","3q28"
"ALPK3","Approved symbol","ALPK3","alpha kinase 3","HGNC:17574","15q25.3"
"GABRB2","Approved symbol","GABRB2","gamma-aminobutyric acid type A receptor subunit beta2","HGNC:4082","5q34"
"KBTBD13","Approved symbol","KBTBD13","kelch repeat and BTB domain containing 13","HGNC:37227","15q22.31"
"MDM4","Approved symbol","MDM4","MDM4 regulator of p53","HGNC:6974","1q32.1"
"SFTPA1","Approved symbol","SFTPA1","surfactant protein A1","HGNC:10798","10q22.3"
"HNRNPDL","Approved symbol","HNRNPDL","heterogeneous nuclear ribonucleoprotein D like","HGNC:5037","4q21.22"
"BCL11B","Approved symbol","BCL11B","BCL11 transcription factor B","HGNC:13222","14q32.2"
"KCNC3","Approved symbol","KCNC3","potassium voltage-gated channel subfamily C member 3","HGNC:6235","19q13.33"
"NFKBIA","Approved symbol","NFKBIA","NFKB inhibitor alpha","HGNC:7797","14q13.2"
"SOCS1","Approved symbol","SOCS1","suppressor of cytokine signaling 1","HGNC:19383","16p13.13"
"TINF2","Approved symbol","TINF2","TERF1 interacting nuclear factor 2","HGNC:11824","14q12"
"RHO","Approved symbol","RHO","rhodopsin","HGNC:10012","3q22.1"
"RHO","Alias symbol","RHOD","ras homolog family member D","HGNC:670","11q13.2"
"SEMA6B","Approved symbol","SEMA6B","semaphorin 6B","HGNC:10739","19p13.3"
"DHX30","Approved symbol","DHX30","DExH-box helicase 30","HGNC:16716","3p21.31"
"TET2","Approved symbol","TET2","tet methylcytosine dioxygenase 2","HGNC:25941","4q24"
"JAK1","Approved symbol","JAK1","Janus kinase 1","HGNC:6190","1p31.3"
"GLUL","Approved symbol","GLUL","glutamate-ammonia ligase","HGNC:4341","1q25.3"
"NRL","Approved symbol","NRL","neural retina leucine zipper","HGNC:8002","14q11.2-q12"
"PRPF3","Approved symbol","PRPF3","pre-mRNA processing factor 3","HGNC:17348","1q21.2"
"TUBA4A","Approved symbol","TUBA4A","tubulin alpha 4a","HGNC:12407","2q35"
"NAF1","Approved symbol","NAF1","nuclear assembly factor 1 ribonucleoprotein","HGNC:25126","4q32.2"
"NAF1","Alias symbol","TNIP1","TNFAIP3 interacting protein 1","HGNC:16903","5q33.1"
"CITED2","Approved symbol","CITED2","Cbp/p300 interacting transactivator with Glu/Asp rich carboxy-terminal domain 2","HGNC:1987","6q24.1"
"KCNK4","Approved symbol","KCNK4","potassium two pore domain channel subfamily K member 4","HGNC:6279","11q13.1"
"ANO5","Approved symbol","ANO5","anoctamin 5","HGNC:27337","11p14.3"
"ABCC9","Approved symbol","ABCC9","ATP binding cassette subfamily C member 9","HGNC:60","12p12.1"
"NEK8","Approved symbol","NEK8","NIMA related kinase 8","HGNC:13387","17q11.2"
"NEK8","Alias symbol","NEK9","NIMA related kinase 9","HGNC:18591","14q24.3"
"NOTCH2","Approved symbol","NOTCH2","notch receptor 2","HGNC:7882","1p12"
"NFKB1","Approved symbol","NFKB1","nuclear factor kappa B subunit 1","HGNC:7794","4q24"
"ITPR1","Approved symbol","ITPR1","inositol 1,4,5-trisphosphate receptor type 1","HGNC:6180","3p26.1"
"RFX7","Approved symbol","RFX7","regulatory factor X7","HGNC:25777","15q21.3"
"LMX1A","Approved symbol","LMX1A","LIM homeobox transcription factor 1 alpha","HGNC:6653","1q23.3"
"TNNT2","Approved symbol","TNNT2","troponin T2, cardiac type","HGNC:11949","1q32.1"
"GUCA1A","Approved symbol","GUCA1A","guanylate cyclase activator 1A","HGNC:4678","6p21.1"
"CTR9","Approved symbol","CTR9","CTR9 component of Paf1/RNA polymerase II complex","HGNC:16850","11p15.4"
"WFS1","Approved symbol","WFS1","wolframin ER transmembrane glycoprotein","HGNC:12762","4p16.1"
"ZMYND8","Approved symbol","ZMYND8","zinc finger MYND-type containing 8","HGNC:9397","20q13.12"
"CACNA1D","Approved symbol","CACNA1D","calcium voltage-gated channel subunit alpha1 D","HGNC:1391","3p21.1"
"CCM2","Approved symbol","CCM2","CCM2 scaffold protein","HGNC:21708","7p13"
"POLR1B","Approved symbol","POLR1B","RNA polymerase I subunit B","HGNC:20454","2q14.1"
"PMP2","Approved symbol","PMP2","peripheral myelin protein 2","HGNC:9117","8q21.13"
"TNFRSF1A","Approved symbol","TNFRSF1A","TNF receptor superfamily member 1A","HGNC:11916","12p13.31"
"ZSWIM6","Approved symbol","ZSWIM6","zinc finger SWIM-type containing 6","HGNC:29316","5q12.1"
"ALPL","Approved symbol","ALPL","alkaline phosphatase, biomineralization associated","HGNC:438","1p36.12"
"COMP","Approved symbol","COMP","cartilage oligomeric matrix protein","HGNC:2227","19p13.11"
"COL1A2","Approved symbol","COL1A2","collagen type I alpha 2 chain","HGNC:2198","7q21.3"
"ALB","Approved symbol","ALB","albumin","HGNC:399","4q13.3"
"ALB","Alias symbol","FBF1","Fas binding factor 1","HGNC:24674","17q25.1"
"IKZF2","Approved symbol","IKZF2","IKAROS family zinc finger 2","HGNC:13177","2q34"
"CAPN3","Approved symbol","CAPN3","calpain 3","HGNC:1480","15q15.1"
"ARHGAP29","Approved symbol","ARHGAP29","Rho GTPase activating protein 29","HGNC:30207","1p22.1"
"SMO","Approved symbol","SMO","smoothened, frizzled class receptor","HGNC:11119","7q32.1"
"SMO","Alias symbol","SMOX","spermine oxidase","HGNC:15862","20p13"
"SLFN14","Approved symbol","SLFN14","schlafen family member 14","HGNC:32689","17q12"
"STT3A","Approved symbol","STT3A","STT3 oligosaccharyltransferase complex catalytic subunit A","HGNC:6172","11q24.2"
"BICRA","Approved symbol","BICRA","BRD4 interacting chromatin remodeling complex associated protein","HGNC:4332","19q13.33"
"CTLA4","Approved symbol","CTLA4","cytotoxic T-lymphocyte associated protein 4","HGNC:2505","2q33.2"
"TUBB4B","Approved symbol","TUBB4B","tubulin beta 4B class IVb","HGNC:20771","9q34.3"
"DNAJC5","Approved symbol","DNAJC5","DnaJ heat shock protein family (Hsp40) member C5","HGNC:16235","20q13.33"
"CYFIP2","Approved symbol","CYFIP2","cytoplasmic FMR1 interacting protein 2","HGNC:13760","5q33.3"
"NOVA2","Approved symbol","NOVA2","NOVA alternative splicing regulator 2","HGNC:7887","19q13.32"
"HMGA2","Approved symbol","HMGA2","high mobility group AT-hook 2","HGNC:5009","12q14.3"
"ADCY5","Approved symbol","ADCY5","adenylate cyclase 5","HGNC:236","3q21.1"
"CCND2","Approved symbol","CCND2","cyclin D2","HGNC:1583","12p13.32"
"CEP85L","Approved symbol","CEP85L","centrosomal protein 85L","HGNC:21638","6q22.31"
"ALG5","Approved symbol","ALG5","ALG5 dolichyl-phosphate beta-glucosyltransferase","HGNC:20266","13q13.3"
"SCAF4","Approved symbol","SCAF4","SR-related CTD associated factor 4","HGNC:19304","21q22.11"
"FGF9","Approved symbol","FGF9","fibroblast growth factor 9","HGNC:3687","13q12.11"
"KDF1","Approved symbol","KDF1","keratinocyte differentiation factor 1","HGNC:26624","1p36.11"
"SAMD9","Approved symbol","SAMD9","sterile alpha motif domain containing 9","HGNC:1348","7q21.2"
"SAMD9L","Approved symbol","SAMD9L","sterile alpha motif domain containing 9 like","HGNC:1349","7q21.2"
"WRAP53","Approved symbol","WRAP53","WD repeat containing antisense to TP53","HGNC:25522","17p13.1"
"KLHL20","Approved symbol","KLHL20","kelch like family member 20","HGNC:25056","1q25.1"
"ATP2B2","Approved symbol","ATP2B2","ATPase plasma membrane Ca2+ transporting 2","HGNC:815","3p25.3"
"ATP2B2","Previous symbol","ATP2B4","ATPase plasma membrane Ca2+ transporting 4","HGNC:817","1q32.1"
"ATP11A","Approved symbol","ATP11A","ATPase phospholipid transporting 11A","HGNC:13552","13q34"
"FAR1","Approved symbol","FAR1","fatty acyl-CoA reductase 1","HGNC:26222","11p15.3"
"ACTN2","Approved symbol","ACTN2","actinin alpha 2","HGNC:164","1q43"
"CAV1","Approved symbol","CAV1","caveolin 1","HGNC:1527","7q31.2"
"PACS1","Approved symbol","PACS1","phosphofurin acidic cluster sorting protein 1","HGNC:30032","11q13.1-q13.2"
"GNB1","Approved symbol","GNB1","G protein subunit beta 1","HGNC:4396","1p36.33"
"UCHL1","Approved symbol","UCHL1","ubiquitin C-terminal hydrolase L1","HGNC:12513","4p13"
"VCL","Approved symbol","VCL","vinculin","HGNC:12665","10q22.2"
"ACTA2","Approved symbol","ACTA2","actin alpha 2, smooth muscle","HGNC:130","10q23.31"
"SMARCA2","Approved symbol","SMARCA2","SWI/SNF related BAF chromatin remodeling complex subunit ATPase 2","HGNC:11098","9p24.3"
"PROM1","Approved symbol","PROM1","prominin 1","HGNC:9454","4p15.32"
"COL11A1","Approved symbol","COL11A1","collagen type XI alpha 1 chain","HGNC:2186","1p21.1"
"ITGB3","Approved symbol","ITGB3","integrin subunit beta 3","HGNC:6156","17q21.32"
"TBXA2R","Approved symbol","TBXA2R","thromboxane A2 receptor","HGNC:11608","19p13.3"
"POLR3B","Approved symbol","POLR3B","RNA polymerase III subunit B","HGNC:30348","12q23.3"
"TNNI3K","Approved symbol","TNNI3K","TNNI3 interacting kinase","HGNC:19661","1p31.1"
"KCNJ5","Approved symbol","KCNJ5","potassium inwardly rectifying channel subfamily J member 5","HGNC:6266","11q24.3"
"GGCX","Approved symbol","GGCX","gamma-glutamyl carboxylase","HGNC:4247","2p11.2"
"SMARCA5","Approved symbol","SMARCA5","SNF2 related chromatin remodeling ATPase 5","HGNC:11101","4q31.21"
"PLIN1","Approved symbol","PLIN1","perilipin 1","HGNC:9076","15q26.1"
"SPTBN2","Approved symbol","SPTBN2","spectrin beta, non-erythrocytic 2","HGNC:11276","11q13.2"
"MYLK3","Approved symbol","MYLK3","myosin light chain kinase 3","HGNC:29826","16q11.2"
"UNC93B1","Approved symbol","UNC93B1","unc-93B1 regulator of TLR signaling","HGNC:13481","11q13.2"
"SMARCC2","Approved symbol","SMARCC2","SWI/SNF related BAF chromatin remodeling complex subunit C2","HGNC:11105","12q13.2"
"NEB","Approved symbol","NEB","nebulin","HGNC:7720","2q23.3"
"CAMK2A","Approved symbol","CAMK2A","calcium/calmodulin dependent protein kinase II alpha","HGNC:1460","5q32"
"FTH1","Approved symbol","FTH1","ferritin heavy chain 1","HGNC:3976","11q12.3"
"NEXN","Approved symbol","NEXN","nexilin F-actin binding protein","HGNC:29557","1p31.1"
"SMAD6","Approved symbol","SMAD6","SMAD family member 6","HGNC:6772","15q22.31"
"RAF1","Approved symbol","RAF1","Raf-1 proto-oncogene, serine/threonine kinase","HGNC:9829","3p25.2"
"RAF1","Alias symbol","RNASE3","ribonuclease A family member 3","HGNC:10046","14q11.2"
"YY1","Approved symbol","YY1","YY1 transcription factor","HGNC:12856","14q32.2"
"ACAN","Approved symbol","ACAN","aggrecan","HGNC:319","15q26.1"
"PPP2R5D","Approved symbol","PPP2R5D","protein phosphatase 2 regulatory subunit B'delta","HGNC:9312","6p21.1"
"PIK3R1","Approved symbol","PIK3R1","phosphoinositide-3-kinase regulatory subunit 1","HGNC:8979","5q13.1"
"PRDM16","Approved symbol","PRDM16","PR/SET domain 16","HGNC:14000","1p36.32"
"FOXJ1","Approved symbol","FOXJ1","forkhead box J1","HGNC:3816","17q25.1"
"CLCN6","Approved symbol","CLCN6","chloride voltage-gated channel 6","HGNC:2024","1p36.22"
"CSDE1","Approved symbol","CSDE1","cold shock domain containing E1","HGNC:29905","1p13.2"
"EED","Approved symbol","EED","embryonic ectoderm development","HGNC:3188","11q14.2"
"HCN4","Approved symbol","HCN4","hyperpolarization activated cyclic nucleotide gated potassium channel 4","HGNC:16882","15q24.1"
"SLC30A2","Approved symbol","SLC30A2","solute carrier family 30 member 2","HGNC:11013","1p36.11"
"SNAP25","Approved symbol","SNAP25","synaptosome associated protein 25","HGNC:11132","20p12.2"
"SPI1","Approved symbol","SPI1","Spi-1 proto-oncogene","HGNC:11241","11p11.2"
"TLK2","Approved symbol","TLK2","tousled like kinase 2","HGNC:11842","17q23.2"
"SOX17","Approved symbol","SOX17","SRY-box transcription factor 17","HGNC:18122","8q11.23"
"ABCC6","Approved symbol","ABCC6","ATP binding cassette subfamily C member 6","HGNC:57","16p13.11"
"HNRNPD","Approved symbol","HNRNPD","heterogeneous nuclear ribonucleoprotein D","HGNC:5036","4q21.22"
"IKBKB","Approved symbol","IKBKB","inhibitor of nuclear factor kappa B kinase subunit beta","HGNC:5960","8p11.21"
"TNPO3","Approved symbol","TNPO3","transportin 3","HGNC:17103","7q32.1"
"HNRNPH1","Approved symbol","HNRNPH1","heterogeneous nuclear ribonucleoprotein H1","HGNC:5041","5q35.3"
"APP","Approved symbol","APP","amyloid beta precursor protein","HGNC:620","21q21.3"
"ALG8","Approved symbol","ALG8","ALG8 alpha-1,3-glucosyltransferase","HGNC:23161","11q14.1"
"SFTPA2","Approved symbol","SFTPA2","surfactant protein A2","HGNC:10799","10q22.3"
"FOXA2","Approved symbol","FOXA2","forkhead box A2","HGNC:5022","20p11.21"
"CHRNB1","Approved symbol","CHRNB1","cholinergic receptor nicotinic beta 1 subunit","HGNC:1961","17p13.1"
"PPP2R1A","Approved symbol","PPP2R1A","protein phosphatase 2 scaffold subunit Aalpha","HGNC:9302","19q13.41"
"PPP2CA","Approved symbol","PPP2CA","protein phosphatase 2 catalytic subunit alpha","HGNC:9299","5q31.1"
"POFUT1","Approved symbol","POFUT1","protein O-fucosyltransferase 1","HGNC:14988","20q11.21"
"RERE","Approved symbol","RERE","arginine-glutamic acid dipeptide repeats","HGNC:9965","1p36.23"
